{"train_loss":3.7920966148376465,"train/epoch":0.5,"train/global_step":1,"_timestamp":1.7706969602327619e+09,"_wandb":{"runtime":2},"_step":0,"train_runtime":2.9417,"total_flos":4.055367942144e+13,"train_samples_per_second":6.119,"_runtime":2,"train_steps_per_second":0.34}