{"train_steps_per_second":0.376,"total_flos":3.37947328512e+13,"_runtime":2,"train_samples_per_second":5.643,"_wandb":{"runtime":2},"train_runtime":2.6579,"_step":0,"train/epoch":0.5,"train_loss":3.773047685623169,"train/global_step":1,"_timestamp":1.7706969425669143e+09}