{"train_runtime":2.6135,"_timestamp":1.7706969130892262e+09,"train/epoch":0.5,"train/global_step":1,"train_loss":3.7405166625976562,"_wandb":{"runtime":2},"train_samples_per_second":3.826,"total_flos":2.25298219008e+13,"_step":0,"train_steps_per_second":0.383,"_runtime":2}