{"train/global_step":1,"_timestamp":1.770696930670279e+09,"total_flos":2.928876847104e+13,"_runtime":2,"_wandb":{"runtime":2},"train_steps_per_second":0.404,"train_samples_per_second":5.257,"train/epoch":0.5,"train_runtime":2.4727,"train_loss":3.756741523742676,"_step":0}