{"train_runtime":7.2782,"_step":0,"train/global_step":1,"_runtime":6,"train/epoch":0.05,"train_samples_per_second":0.137,"train_steps_per_second":0.137,"train_loss":3.748502731323242,"total_flos":2.25298219008e+12,"_timestamp":1.7706965174395308e+09,"_wandb":{"runtime":6}}