{"train_runtime":1.7883,"train_samples_per_second":3.355,"train/global_step":1,"_timestamp":1.7706968916446354e+09,"_step":0,"train/epoch":0.25,"_wandb":{"runtime":1},"total_flos":1.351789314048e+13,"train_loss":3.831850528717041,"train_steps_per_second":0.559,"_runtime":1}