{"train_runtime":1.635,"train_samples_per_second":1.835,"total_flos":6.75894657024e+12,"_runtime":1,"_timestamp":1.7706968771040623e+09,"train_steps_per_second":0.612,"train/global_step":1,"_step":0,"train_loss":3.737114429473877,"_wandb":{"runtime":1},"train/epoch":0.14285714285714285}