{"train/global_step":1,"train_loss":3.751600503921509,"_timestamp":1.7706968966239998e+09,"train_runtime":1.7838,"train/epoch":0.3333333333333333,"train_samples_per_second":3.924,"_runtime":1,"total_flos":1.577087533056e+13,"_wandb":{"runtime":1},"_step":0,"train_steps_per_second":0.561}