{"train_loss":3.8789403438568115,"_wandb":{"runtime":1},"train_runtime":1.6147,"_timestamp":1.7706968817121265e+09,"train_samples_per_second":2.477,"train/global_step":1,"total_flos":9.01192876032e+12,"train_steps_per_second":0.619,"train/epoch":0.2,"_runtime":1,"_step":0}