{"train_samples_per_second":0.304,"train_loss":3.7227089405059814,"train_steps_per_second":0.152,"total_flos":4.50596438016e+12,"_runtime":5,"train/epoch":0.1,"train/global_step":1,"train_runtime":6.582,"_wandb":{"runtime":5},"_step":0,"_timestamp":1.7706968723126044e+09}