{"train_loss":3.748502731323242,"train/global_step":1,"train_runtime":4.056,"_wandb":{"runtime":3},"train_steps_per_second":0.247,"total_flos":2.25298219008e+12,"_runtime":3,"train/epoch":0.05,"_step":0,"_timestamp":1.7706965908230786e+09,"train_samples_per_second":0.247}