{"train_samples_per_second":5.18,"train_loss":3.790168046951294,"train/epoch":0.5,"train/global_step":1,"train_steps_per_second":0.273,"_runtime":3,"_wandb":{"runtime":3},"train_runtime":3.6682,"total_flos":4.280666161152e+13,"_timestamp":1.7706969670689988e+09,"_step":0}