{"train_samples_per_second":4.355,"train_loss":3.758751153945923,"train_steps_per_second":0.363,"train/global_step":1,"_wandb":{"runtime":2},"_step":0,"train/epoch":0.5,"total_flos":2.703578628096e+13,"_runtime":2,"train_runtime":2.7552,"_timestamp":1.7706969249402587e+09}